River,Count,Max,Min,Min_nonzero,Pq_nonzero,AncientRatio(>50000),KernelScore_T5000,KernelScore_T50000,KernelScore_T500000,TimeDepthKernel_T50000
Yangtze River,84,48167.2266801761,0.0,204.4528240331612,204.4528240331612,0.0,1.32430126996021e-22,9.130664193475257e-54,2.561488907365478e-99,0.01229206048816114
Yellow River,80,45239.83397242857,102.22641201658055,102.22641201658055,102.22641201658055,0.0,7.212924153878366e-23,3.3656007061798284e-54,6.380814674000225e-100,0.011374401048187656
Zhujiang River,92,14367.457543421237,0.0,92.93310183325508,92.93310183325508,0.0,2.2454318664551997e-28,7.018986610396122e-63,9.634123381859391e-112,1.1007925355914188e-08
