River,Count,Range,StdDev,Skewness,Skew_method,Estimated_Peaks,Ratio(Max/P01_nonzero)
Yangtze River,84,2.372158528017325,0.39677259764323436,-0.14722697314835895,moment,1.0,235.59090909090904
Yellow River,80,2.645957884399802,0.38351649866424353,-2.0931416279286905,moment,3.0,442.5454545454547
Zhujiang River,92,2.189209489582306,0.7565917135190929,0.08019114450808426,moment,2.0,154.60000000000002
